200-01.csv,200-05.csv,200-10.csv,200-20.csv,350-01.csv,350-05.csv,350-10.csv,350-20.csv,400-01.csv,400-05.csv,400-10.csv,400-20.csv,500-01.csv,500-05.csv,500-10.csv,500-20.csv
o_sample,o_sample,o_sample,o_sample,o_sample,o_sample,o_sample,o_sample,o_sample,o_sample,o_sample,o_sample,o_sample,o_sample,o_sample,o_sample
0,0,0,0,0,0,-.00390625,-.0078125,0,0,0,0,0,0,-.00390625,-.0078125
0,0,0,0,0,0,-.00390625,-.00390625,0,0,0,0,0,0,-.00390625,-.00390625
0,0,0,0,0,0,0,-.00390625,0,0,0,-.00390625,0,0,0,-.00390625
0,0,0,-.00390625,0,0,0,0,0,0,-.00390625,-.00390625,0,0,0,0
0,0,0,-.00390625,0,0,0,.00390625,0,0,0,-.00390625,0,0,.00390625,.00390625
0,0,0,-.00390625,0,0,.00390625,.00390625,0,0,0,-.00390625,0,0,.00390625,.0078125
0,0,0,0,0,0,.00390625,.0078125,0,0,0,0,0,.00390625,.00390625,.0078125
0,0,0,0,0,.00390625,.00390625,.0078125,0,0,0,0,0,.00390625,.00390625,.01171875
0,0,0,0,0,.00390625,.00390625,.01171875,0,0,0,.00390625,0,.00390625,.00390625,.01171875
0,0,0,0,0,.00390625,.0078125,.01171875,0,0,.00390625,.0078125,0,.00390625,.00390625,.01171875
0,0,0,.00390625,0,.00390625,.00390625,.01171875,0,.00390625,.00390625,.0078125,0,.00390625,.00390625,.0078125
0,0,0,.00390625,0,.00390625,.00390625,.0078125,0,.00390625,.00390625,.01171875,0,0,0,.00390625
0,0,.00390625,.00390625,0,0,.00390625,.0078125,0,.00390625,.0078125,.01171875,0,0,0,0
0,0,.00390625,.0078125,0,0,.00390625,.00390625,0,.00390625,.0078125,.015625,0,0,-.00390625,-.00390625
0,0,.00390625,.0078125,0,0,0,0,0,.00390625,.0078125,.015625,0,-.00390625,-.00390625,-.0078125
0,.00390625,.00390625,.0078125,0,0,0,0,0,.00390625,.0078125,.01171875,0,-.00390625,-.0078125,-.01171875
0,.00390625,.00390625,.0078125,0,0,0,-.00390625,0,.00390625,.00390625,.01171875,0,-.00390625,-.0078125,-.015625
0,.00390625,.00390625,.01171875,0,0,-.00390625,-.0078125,0,.00390625,.00390625,.0078125,0,-.00390625,-.0078125,-.015625
0,.00390625,.00390625,.01171875,0,0,-.00390625,-.0078125,0,0,.00390625,.0078125,0,-.00390625,-.00390625,-.01171875
0,.00390625,.00390625,.01171875,0,0,-.00390625,-.0078125,0,0,0,.00390625,0,0,-.00390625,-.0078125
0,.00390625,.0078125,.01171875,0,0,-.00390625,-.0078125,0,0,0,0,0,0,0,-.00390625
0,.00390625,.0078125,.01171875,0,0,-.00390625,-.00390625,0,0,0,0,0,0,.00390625,.00390625
0,.00390625,.0078125,.015625,0,0,0,0,0,0,0,-.00390625,0,.00390625,.0078125,.01171875
0,.00390625,.0078125,.015625,0,0,0,.00390625,0,0,0,-.00390625,0,.00390625,.0078125,.01953125
0,.00390625,.0078125,.015625,0,0,.00390625,.0078125,0,0,0,0,0,.0078125,.01171875,.0234375
0,.00390625,.0078125,.01953125,0,.00390625,.0078125,.01171875,0,0,0,0,0,.0078125,.015625,.02734375
0,.00390625,.01171875,.01953125,0,.00390625,.0078125,.015625,0,0,.00390625,.00390625,0,.0078125,.015625,.02734375
0,.0078125,.01171875,.0234375,0,.00390625,.0078125,.015625,0,.00390625,.00390625,.01171875,0,.0078125,.01171875,.02734375
0,.0078125,.01171875,.02734375,0,.00390625,.0078125,.015625,0,.00390625,.0078125,.015625,0,.00390625,.0078125,.01953125
0,.0078125,.015625,.03125,0,.00390625,.0078125,.01171875,0,.00390625,.01171875,.01953125,0,.00390625,.00390625,.0078125
0,.0078125,.015625,.03125,0,0,.00390625,.0078125,0,.0078125,.01171875,.0234375,0,0,-.00390625,-.00390625
0,.0078125,.015625,.03125,0,0,-.00390625,-.00390625,0,.0078125,.01171875,.0234375,0,-.00390625,-.01171875,-.0234375
0,.0078125,.015625,.03125,0,-.00390625,-.0078125,-.015625,0,.00390625,.01171875,.0234375,-.00390625,-.01171875,-.01953125,-.0390625
0,.0078125,.015625,.03125,0,-.0078125,-.015625,-.03125,0,.00390625,.0078125,.01953125,-.00390625,-.015625,-.02734375,-.05859375
0,.0078125,.015625,.02734375,-.00390625,-.01171875,-.0234375,-.046875,0,.00390625,.00390625,.0078125,-.00390625,-.01953125,-.03515625,-.0703125
0,.00390625,.01171875,.0234375,-.00390625,-.015625,-.03125,-.06640625,0,0,-.00390625,-.00390625,-.00390625,-.01953125,-.04296875,-.08203125
0,.00390625,.0078125,.015625,-.00390625,-.01953125,-.0390625,-.08203125,0,-.00390625,-.01171875,-.01953125,-.00390625,-.0234375,-.04296875,-.0859375
0,0,.00390625,.00390625,-.00390625,-.0234375,-.046875,-.09375,-.00390625,-.01171875,-.01953125,-.04296875,-.00390625,-.0234375,-.04296875,-.0859375
0,-.00390625,-.00390625,-.0078125,-.00390625,-.02734375,-.05078125,-.10546875,-.00390625,-.015625,-.03125,-.0625,-.00390625,-.01953125,-.0390625,-.078125
0,-.0078125,-.01171875,-.0234375,-.00390625,-.02734375,-.0546875,-.109375,-.00390625,-.0234375,-.04296875,-.0859375,-.00390625,-.015625,-.03125,-.0625
-.00390625,-.01171875,-.01953125,-.04296875,-.00390625,-.02734375,-.05078125,-.10546875,-.00390625,-.02734375,-.0546875,-.109375,0,-.0078125,-.01953125,-.03515625
-.00390625,-.015625,-.03125,-.05859375,-.00390625,-.0234375,-.046875,-.09375,-.0078125,-.03125,-.0625,-.12890625,0,0,-.00390625,-.00390625
-.00390625,-.01953125,-.0390625,-.078125,-.00390625,-.01953125,-.03515625,-.0703125,-.0078125,-.03515625,-.0703125,-.14453125,0,.0078125,.015625,.03125
-.00390625,-.0234375,-.046875,-.09765625,-.00390625,-.01171875,-.01953125,-.04296875,-.0078125,-.0390625,-.07421875,-.1484375,.00390625,.015625,.03515625,.06640625
-.00390625,-.02734375,-.05859375,-.11328125,0,0,-.00390625,-.00390625,-.0078125,-.03515625,-.07421875,-.1484375,.00390625,.02734375,.05078125,.10546875
-.0078125,-.03125,-.06640625,-.12890625,.00390625,.01171875,.01953125,.0390625,-.0078125,-.03515625,-.06640625,-.13671875,.0078125,.03515625,.0703125,.13671875
-.0078125,-.03515625,-.0703125,-.140625,.00390625,.0234375,.046875,.08984375,-.00390625,-.02734375,-.0546875,-.11328125,.0078125,.04296875,.08203125,.16796875
-.0078125,-.0390625,-.07421875,-.1484375,.0078125,.03515625,.07421875,.14453125,-.00390625,-.01953125,-.0390625,-.078125,.0078125,.046875,.09375,.1875
-.0078125,-.0390625,-.07421875,-.1484375,.01171875,.05078125,.09765625,.19921875,0,-.0078125,-.015625,-.03125,.01171875,.05078125,.09765625,.1953125
-.0078125,-.03515625,-.07421875,-.14453125,.01171875,.0625,.125,.24609375,0,.0078125,.01171875,.02734375,.0078125,.046875,.09765625,.19140625
-.0078125,-.03515625,-.06640625,-.1328125,.015625,.07421875,.14453125,.2890625,.00390625,.0234375,.046875,.08984375,.0078125,.04296875,.08984375,.17578125
-.00390625,-.02734375,-.05859375,-.11328125,.015625,.08203125,.16015625,.3203125,.0078125,.0390625,.078125,.16015625,.0078125,.03515625,.07421875,.14453125
-.00390625,-.0234375,-.04296875,-.08984375,.015625,.0859375,.16796875,.3359375,.01171875,.05859375,.11328125,.2265625,.00390625,.0234375,.05078125,.1015625
-.00390625,-.015625,-.02734375,-.0546875,.015625,.08203125,.16796875,.3359375,.015625,.07421875,.14453125,.29296875,.00390625,.01171875,.0234375,.046875
0,-.00390625,-.0078125,-.015625,.015625,.078125,.15625,.3125,.015625,.0859375,.171875,.34765625,0,-.00390625,-.0078125,-.015625
0,.0078125,.01171875,.02734375,.01171875,.06640625,.1328125,.265625,.01953125,.09765625,.1953125,.390625,-.00390625,-.01953125,-.0390625,-.08203125
.00390625,.01953125,.03515625,.0703125,.01171875,.05078125,.1015625,.203125,.01953125,.10546875,.20703125,.4140625,-.0078125,-.03515625,-.07421875,-.1484375
.0078125,.03125,.05859375,.1171875,.00390625,.02734375,.05859375,.1171875,.01953125,.10546875,.20703125,.41796875,-.01171875,-.05078125,-.10546875,-.2109375
.0078125,.0390625,.08203125,.1640625,0,.00390625,.0078125,.015625,.01953125,.09765625,.1953125,.39453125,-.01171875,-.06640625,-.12890625,-.26171875
.01171875,.05078125,.1015625,.20703125,-.00390625,-.0234375,-.05078125,-.1015625,.015625,.0859375,.171875,.34765625,-.015625,-.07421875,-.1484375,-.30078125
.01171875,.0625,.12109375,.2421875,-.01171875,-.0546875,-.11328125,-.22265625,.01171875,.06640625,.13671875,.2734375,-.015625,-.08203125,-.16015625,-.3203125
.015625,.06640625,.13671875,.2734375,-.015625,-.0859375,-.171875,-.34765625,.0078125,.04296875,.0859375,.171875,-.015625,-.08203125,-.16015625,-.32421875
.015625,.07421875,.14453125,.29296875,-.0234375,-.1171875,-.23046875,-.4609375,.00390625,.01171875,.02734375,.0546875,-.015625,-.078125,-.15234375,-.3046875
.015625,.07421875,.15234375,.30078125,-.02734375,-.140625,-.28125,-.5625,-.00390625,-.01953125,-.0390625,-.08203125,-.01171875,-.06640625,-.1328125,-.265625
.015625,.07421875,.1484375,.30078125,-.03125,-.16015625,-.32421875,-.64453125,-.01171875,-.0546875,-.11328125,-.22265625,-.01171875,-.05078125,-.10546875,-.2109375
.015625,.0703125,.140625,.28515625,-.03515625,-.17578125,-.34765625,-.69921875,-.01953125,-.09375,-.18359375,-.3671875,-.0078125,-.03515625,-.0703125,-.13671875
.01171875,.06640625,.12890625,.2578125,-.03515625,-.1796875,-.359375,-.76171875,-.0234375,-.125,-.25,-.50390625,-.00390625,-.01171875,-.02734375,-.05078125
.01171875,.0546875,.109375,.21875,-.03515625,-.17578125,-.3515625,-.7421875,-.03125,-.15625,-.3125,-.625,.00390625,.01171875,.01953125,.0390625
.0078125,.04296875,.0859375,.171875,-.03125,-.16015625,-.3203125,-.68359375,-.03515625,-.1796875,-.359375,-.71875,.0078125,.03125,.06640625,.1328125
.00390625,.02734375,.05859375,.11328125,-.02734375,-.13671875,-.2734375,-.58203125,-.0390625,-.1953125,-.390625,-.78125,.01171875,.0546875,.109375,.21875
.00390625,.01171875,.0234375,.05078125,-.01953125,-.1015625,-.20703125,-.4375,-.0390625,-.203125,-.40234375,-.8046875,.015625,.07421875,.1484375,.29296875
0,-.00390625,-.0078125,-.01953125,-.01171875,-.0625,-.12109375,-.26171875,-.0390625,-.1953125,-.390625,-.78125,.01953125,.08984375,.17578125,.3515625
-.00390625,-.0234375,-.04296875,-.08984375,-.00390625,-.01171875,-.0234375,-.0546875,-.03515625,-.1796875,-.35546875,-.71484375,.01953125,.09765625,.1953125,.390625
-.0078125,-.0390625,-.078125,-.15625,.0078125,.0390625,.08203125,.171875,-.03125,-.15234375,-.30078125,-.6015625,.01953125,.1015625,.203125,.41015625
-.01171875,-.0546875,-.109375,-.22265625,.01953125,.09375,.19140625,.40234375,-.0234375,-.11328125,-.22265625,-.44921875,.01953125,.1015625,.19921875,.3984375
-.015625,-.0703125,-.140625,-.27734375,.03125,.1484375,.296875,.6328125,-.01171875,-.06640625,-.12890625,-.2578125,.01953125,.09375,.18359375,.3671875
-.015625,-.08203125,-.16015625,-.32421875,.0390625,.19921875,.39453125,.84375,-.00390625,-.01171875,-.01953125,-.0390625,.015625,.078125,.15625,.30859375
-.01953125,-.08984375,-.1796875,-.359375,.046875,.2421875,.48046875,1.01953125,.0078125,.046875,.09765625,.1953125,.01171875,.05859375,.1171875,.234375
-.01953125,-.09375,-.1875,-.37890625,.0546875,.2734375,.546875,1.15625,.0234375,.109375,.21484375,.43359375,.0078125,.03515625,.07421875,.14453125
-.01953125,-.09765625,-.19140625,-.38671875,.05859375,.29296875,.5859375,1.24609375,.03125,.1640625,.328125,.66015625,.00390625,.01171875,.0234375,.046875
-.01953125,-.09375,-.1875,-.375,.05859375,.296875,.59765625,1.26953125,.04296875,.21484375,.4296875,.86328125,-.00390625,-.015625,-.02734375,-.05859375
-.01953125,-.08984375,-.17578125,-.3515625,.05859375,.2890625,.578125,1.23046875,.05078125,.2578125,.515625,1.03125,-.0078125,-.0390625,-.078125,-.15625
-.015625,-.078125,-.15625,-.31640625,.0546875,.265625,.52734375,1.125,.05859375,.2890625,.57421875,1.1484375,-.01171875,-.0625,-.12109375,-.2421875
-.01171875,-.06640625,-.1328125,-.265625,.04296875,.22265625,.44921875,.953125,.05859375,.30078125,.6015625,1.20703125,-.015625,-.078125,-.15625,-.31640625
-.01171875,-.05078125,-.10546875,-.20703125,.03515625,.171875,.33984375,.7265625,.05859375,.30078125,.6015625,1.203125,-.01953125,-.09375,-.18359375,-.3671875
-.0078125,-.03515625,-.0703125,-.140625,.01953125,.10546875,.2109375,.44921875,.0546875,.28125,.5625,1.12890625,-.01953125,-.09765625,-.19921875,-.3984375
-.00390625,-.01953125,-.03515625,-.0703125,.0078125,.03125,.0625,.1328125,.05078125,.24609375,.4921875,.98828125,-.01953125,-.1015625,-.19921875,-.40234375
0,0,0,0,-.01171875,-.046875,-.09765625,-.20703125,.0390625,.1953125,.39453125,.7890625,-.01953125,-.09765625,-.19140625,-.3828125
.00390625,.015625,.03515625,.0703125,-.02734375,-.12890625,-.2578125,-.55078125,.02734375,.1328125,.265625,.53515625,-.015625,-.0859375,-.171875,-.33984375
.0078125,.03515625,.06640625,.13671875,-.04296875,-.20703125,-.4140625,-.87890625,.01171875,.05859375,.12109375,.23828125,-.015625,-.0703125,-.140625,-.27734375
.01171875,.046875,.09765625,.1953125,-.0546875,-.27734375,-.5546875,-1.1796875,-.00390625,-.01953125,-.0390625,-.08203125,-.01171875,-.05078125,-.1015625,-.19921875
.01171875,.0625,.12109375,.2421875,-.06640625,-.3359375,-.671875,-1.43359375,-.01953125,-.1015625,-.203125,-.40625,-.00390625,-.02734375,-.0546875,-.11328125
.015625,.0703125,.140625,.28125,-.078125,-.3828125,-.76171875,-1.6171875,-.03515625,-.1796875,-.359375,-.72265625,0,-.00390625,-.01171875,-.01953125
.015625,.078125,.15234375,.30859375,-.08203125,-.40625,-.81640625,-1.734375,-.05078125,-.25390625,-.50390625,-1.0078125,.00390625,.015625,.03515625,.06640625
.015625,.08203125,.16015625,.3203125,-.08203125,-.4140625,-.828125,-1.765625,-.0625,-.3125,-.62109375,-1.2421875,.0078125,.0390625,.07421875,.1484375
.015625,.08203125,.16015625,.3203125,-.08203125,-.40234375,-.80078125,-1.703125,-.0703125,-.35546875,-.70703125,-1.41796875,.01171875,.0546875,.109375,.21875
.015625,.078125,.15625,.3125,-.07421875,-.3671875,-.734375,-1.5546875,-.07421875,-.37890625,-.7578125,-1.515625,.01171875,.06640625,.13671875,.26953125
.015625,.07421875,.14453125,.2890625,-.0625,-.3125,-.625,-1.328125,-.078125,-.3828125,-.765625,-1.53125,.015625,.07421875,.15234375,.30078125
.01171875,.06640625,.12890625,.2578125,-.046875,-.2421875,-.48046875,-1.01953125,-.07421875,-.3671875,-.73046875,-1.4609375,.015625,.078125,.15625,.3125
.01171875,.0546875,.109375,.234375,-.03125,-.1640625,-.328125,-.6953125,-.06640625,-.34765625,-.69140625,-1.38671875,.015625,.07421875,.15234375,.3203125
.0078125,.04296875,.0859375,.1875,-.01171875,-.0625,-.125,-.26171875,-.0546875,-.28515625,-.5703125,-1.13671875,.015625,.0703125,.13671875,.29296875
.0078125,.03125,.0625,.1328125,.0078125,.046875,.08984375,.19921875,-.0390625,-.203125,-.41015625,-.81640625,.01171875,.05859375,.1171875,.24609375
.00390625,.01953125,.0390625,.08203125,.03125,.15234375,.3125,.66015625,-.01953125,-.11328125,-.22265625,-.44921875,.0078125,.04296875,.08984375,.1875
0,.0078125,.015625,.02734375,.05078125,.2578125,.51953125,1.09765625,-.00390625,-.01171875,-.01953125,-.046875,.00390625,.02734375,.05859375,.12109375
0,-.00390625,-.0078125,-.015625,.06640625,.3515625,.70703125,1.49609375,.015625,.08984375,.18359375,.37109375,.00390625,.01171875,.0234375,.05078125
-.00390625,-.015625,-.02734375,-.0625,.08203125,.43359375,.86328125,1.828125,.03515625,.19140625,.3828125,.76953125,0,-.00390625,-.0078125,-.015625
-.00390625,-.0234375,-.046875,-.09765625,.09375,.48828125,.98046875,2.07421875,.0546875,.28125,.56640625,1.12890625,-.00390625,-.01953125,-.03515625,-.07421875
-.0078125,-.03125,-.0625,-.12890625,.09765625,.5234375,1.05078125,2.21875,.06640625,.35546875,.71484375,1.43359375,-.0078125,-.03125,-.05859375,-.12890625
-.0078125,-.03515625,-.0703125,-.15234375,.1015625,.53515625,1.06640625,2.26171875,.078125,.4140625,.82421875,1.65234375,-.0078125,-.0390625,-.078125,-.1640625
-.0078125,-.0390625,-.078125,-.1640625,.09765625,.51953125,1.0390625,2.19140625,.08203125,.44921875,.88671875,1.78125,-.0078125,-.04296875,-.08984375,-.1875
-.0078125,-.04296875,-.08203125,-.17578125,.08984375,.4765625,.94921875,2.01171875,.0859375,.453125,.90625,1.80859375,-.0078125,-.046875,-.09375,-.1953125
-.0078125,-.04296875,-.08203125,-.17578125,.078125,.40625,.81640625,1.7265625,.08203125,.43359375,.86328125,1.73046875,-.0078125,-.04296875,-.08984375,-.19140625
-.0078125,-.0390625,-.08203125,-.171875,.05859375,.3203125,.640625,1.359375,.07421875,.390625,.7734375,1.546875,-.0078125,-.0390625,-.078125,-.171875
-.0078125,-.0390625,-.07421875,-.15625,.0390625,.21484375,.42578125,.91015625,.05859375,.3203125,.640625,1.27734375,-.0078125,-.03515625,-.06640625,-.140625
-.0078125,-.03515625,-.06640625,-.14453125,.01953125,.09375,.1953125,.41015625,.04296875,.234375,.46484375,.92578125,-.00390625,-.0234375,-.05078125,-.109375
-.0078125,-.03125,-.05859375,-.12890625,-.00390625,-.02734375,-.0546875,-.11328125,.0234375,.12890625,.26171875,.51953125,-.00390625,-.015625,-.03125,-.06640625
-.00390625,-.0234375,-.05078125,-.109375,-.02734375,-.1484375,-.3046875,-.640625,.00390625,.01953125,.04296875,.078125,0,-.0078125,-.01171875,-.0234375
-.00390625,-.01953125,-.0390625,-.0859375,-.05078125,-.26953125,-.5390625,-1.140625,-.015625,-.08984375,-.18359375,-.37109375,0,.00390625,.00390625,.01171875
-.00390625,-.015625,-.03125,-.06640625,-.0703125,-.375,-.75,-1.58984375,-.0390625,-.19921875,-.3984375,-.796875,.00390625,.01171875,.01953125,.04296875
-.00390625,-.01171875,-.0234375,-.05078125,-.0859375,-.46484375,-.9296875,-1.96484375,-.0546875,-.29296875,-.58984375,-1.17578125,.00390625,.015625,.03125,.06640625
0,-.0078125,-.015625,-.02734375,-.1015625,-.53125,-1.0625,-2.25,-.0703125,-.375,-.7421875,-1.48828125,.00390625,.01953125,.0390625,.08203125
0,-.00390625,-.0078125,-.015625,-.109375,-.57421875,-1.14453125,-2.42578125,-.08203125,-.42578125,-.85546875,-1.71484375,.00390625,.01953125,.04296875,.0859375
0,0,0,-.00390625,-.109375,-.5859375,-1.171875,-2.484375,-.0859375,-.4609375,-.91796875,-1.8359375,.00390625,.01953125,.04296875,.0859375
0,0,.00390625,.0078125,-.109375,-.57421875,-1.140625,-2.421875,-.0859375,-.4609375,-.921875,-1.84375,.00390625,.01953125,.03515625,.07421875
0,.00390625,.0078125,.015625,-.09765625,-.52734375,-1.05859375,-2.2421875,-.08203125,-.4375,-.87109375,-1.7421875,.00390625,.015625,.02734375,.0625
0,.00390625,.01171875,.01953125,-.0859375,-.4609375,-.91796875,-1.9453125,-.07421875,-.38671875,-.76953125,-1.53515625,0,.0078125,.01953125,.04296875
0,.0078125,.01171875,.0234375,-.0703125,-.37109375,-.734375,-1.5546875,-.05859375,-.3125,-.6171875,-1.23828125,0,.00390625,.0078125,.01953125
0,.0078125,.01171875,.02734375,-.046875,-.2578125,-.515625,-1.08984375,-.0390625,-.21484375,-.4296875,-.86328125,0,0,0,0
0,.0078125,.015625,.02734375,-.0234375,-.1328125,-.265625,-.56640625,-.01953125,-.109375,-.21484375,-.4296875,0,-.00390625,-.0078125,-.015625
0,.0078125,.015625,.03515625,0,-.00390625,-.0078125,-.01171875,0,.00390625,.01171875,.01953125,0,-.0078125,-.015625,-.02734375
0,.0078125,.015625,.03515625,.0234375,.12890625,.2578125,.5390625,.0234375,.12109375,.23828125,.47265625,0,-.0078125,-.01953125,-.0390625
0,.0078125,.015625,.03515625,.046875,.25390625,.5078125,1.07421875,.04296875,.22265625,.44921875,.90234375,0,-.0078125,-.01953125,-.04296875
0,.0078125,.015625,.03515625,.0703125,.38671875,.77734375,1.46875,.05859375,.33984375,.671875,1.34375,0,-.0078125,-.01953125,-.0390625
0,.0078125,.015625,.03515625,.0859375,.4921875,.98046875,1.85546875,.07421875,.4140625,.828125,1.6484375,0,-.0078125,-.015625,-.03125
0,.0078125,.015625,.03515625,.1015625,.56640625,1.13671875,2.1484375,.08203125,.46484375,.92578125,1.85546875,0,-.00390625,-.0078125,-.0234375
0,.0078125,.015625,.03515625,.109375,.62109375,1.23828125,2.33984375,.0859375,.48828125,.97265625,1.9453125,0,0,-.00390625,-.0078125
0,.0078125,.015625,.03515625,.11328125,.640625,1.27734375,2.41796875,.0859375,.48046875,.95703125,1.91796875,0,0,.00390625,.00390625
0,.0078125,.015625,.03515625,.11328125,.62890625,1.26171875,2.37890625,.078125,.4453125,.8828125,1.765625,0,.00390625,.0078125,.01953125
0,.0078125,.015625,.03515625,.10546875,.58984375,1.1796875,2.2265625,.06640625,.37890625,.75,1.50390625,0,.0078125,.01171875,.02734375
0,.0078125,.015625,.03515625,.09375,.51953125,1.0390625,1.96484375,.05078125,.2890625,.57421875,1.15234375,0,.0078125,.015625,.03515625
0,.0078125,.015625,.03515625,.07421875,.42578125,.84765625,1.60546875,.03125,.1796875,.359375,.7265625,0,.0078125,.015625,.03515625
0,.0078125,.015625,.03515625,.0546875,.30859375,.62109375,1.171875,.01171875,.06640625,.12890625,.25390625,0,.0078125,.015625,.03515625
0,.0078125,.015625,.03515625,.03125,.1796875,.359375,.67578125,-.01171875,-.05859375,-.11328125,-.234375,0,.0078125,.01171875,.03125
0,.0078125,.015625,.03515625,.0078125,.0390625,.078125,.15234375,-.03125,-.17578125,-.3515625,-.703125,0,.00390625,.0078125,.0234375
0,.0078125,.015625,.03125,-.01953125,-.1015625,-.203125,-.37890625,-.05078125,-.28515625,-.56640625,-1.1328125,0,.00390625,.00390625,.0078125
0,.0078125,.01171875,.03125,-.04296875,-.23828125,-.47265625,-.890625,-.06640625,-.375,-.7421875,-1.48828125,0,0,0,0
0,.0078125,.01171875,.02734375,-.0625,-.359375,-.71875,-1.3671875,-.078125,-.4375,-.875,-1.75390625,0,-.00390625,-.00390625,-.01171875
0,.00390625,.01171875,.0234375,-.08203125,-.46875,-.9375,-1.76953125,-.0859375,-.48046875,-.94921875,-1.90234375,0,-.00390625,-.01171875,-.0234375
0,.00390625,.0078125,.0234375,-.09765625,-.5546875,-1.10546875,-2.08984375,-.0859375,-.484375,-.96484375,-1.9375,0,-.0078125,-.01171875,-.03125
0,.00390625,.0078125,.01953125,-.109375,-.609375,-1.22265625,-2.30859375,-.08203125,-.4609375,-.921875,-1.8515625,0,-.0078125,-.015625,-.03515625
0,.00390625,.00390625,.01171875,-.11328125,-.63671875,-1.27734375,-2.41015625,-.07421875,-.4140625,-.8203125,-1.64453125,0,-.0078125,-.015625,-.03515625
0,0,.00390625,.0078125,-.11328125,-.63671875,-1.26953125,-2.40234375,-.05859375,-.33203125,-.66796875,-1.3359375,0,-.0078125,-.01171875,-.03125
0,0,0,.00390625,-.10546875,-.6015625,-1.203125,-2.27734375,-.04296875,-.23828125,-.46875,-.94140625,0,-.00390625,-.01171875,-.0234375
0,0,0,0,-.09765625,-.5390625,-1.08203125,-2.04296875,-.0234375,-.12109375,-.24609375,-.48828125,0,-.00390625,-.00390625,-.01171875
0,0,0,-.00390625,-.08203125,-.453125,-.90625,-1.70703125,0,0,0,-.00390625,0,0,0,-.00390625
0,0,-.00390625,-.00390625,-.0625,-.34375,-.6796875,-1.2890625,.01953125,.1171875,.2421875,.48046875,0,0,.00390625,.0078125
0,0,-.00390625,-.0078125,-.0390625,-.21484375,-.4296875,-.8125,.04296875,.234375,.46484375,.9375,0,.00390625,.0078125,.01953125
0,-.00390625,-.00390625,-.0078125,-.015625,-.078125,-.15234375,-.29296875,.05859375,.3359375,.66796875,1.3359375,0,.0078125,.01171875,.02734375
0,-.00390625,-.00390625,-.01171875,.01171875,.0625,.1171875,.2265625,.07421875,.4140625,.8203125,1.6484375,0,.00390625,.01171875,.0234375
0,-.00390625,-.0078125,-.01171875,.03515625,.19921875,.39453125,.74609375,.08203125,.46484375,.92578125,1.85546875,0,.00390625,.01171875,.0234375
0,-.00390625,-.0078125,-.015625,.05859375,.32421875,.65234375,1.23046875,.0859375,.48828125,.97265625,1.9453125,0,.00390625,.01171875,.0234375
0,-.00390625,-.0078125,-.015625,.078125,.44140625,.875,1.65234375,.0859375,.48046875,.95703125,1.91796875,0,.00390625,.0078125,.01953125
0,-.00390625,-.0078125,-.0234375,.09375,.52734375,1.0546875,1.99609375,.078125,.4453125,.8828125,1.765625,0,.00390625,.0078125,.01171875
0,-.00390625,-.01171875,-.0234375,.10546875,.59375,1.1875,2.24609375,.06640625,.37890625,.75,1.50390625,0,0,.00390625,.0078125
0,-.00390625,-.01171875,-.0234375,.11328125,.6328125,1.26171875,2.3828125,.05078125,.28515625,.5703125,1.1484375,0,0,0,0
0,-.00390625,-.01171875,-.02734375,.11328125,.671875,1.34375,2.265625,.03125,.19140625,.37890625,.76171875,0,0,-.00390625,-.0078125
0,-.00390625,-.01171875,-.02734375,.109375,.6484375,1.29296875,2.18359375,.01171875,.06640625,.12890625,.26171875,0,-.00390625,-.0078125,-.015625
0,-.00390625,-.01171875,-.02734375,.09765625,.58984375,1.18359375,1.9921875,-.01171875,-.06640625,-.12890625,-.2578125,0,-.00390625,-.0078125,-.01953125
0,-.00390625,-.01171875,-.02734375,.0859375,.50390625,1.01171875,1.703125,-.03125,-.19140625,-.37890625,-.76171875,0,-.00390625,-.0078125,-.0234375
0,-.00390625,-.01171875,-.0234375,.06640625,.39453125,.79296875,1.3359375,-.05078125,-.30078125,-.6015625,-1.2109375,0,-.00390625,-.01171875,-.0234375
0,-.00390625,-.01171875,-.0234375,.046875,.26953125,.53515625,.90234375,-.06640625,-.3984375,-.79296875,-1.5859375,0,-.00390625,-.0078125,-.0234375
0,-.00390625,-.0078125,-.0234375,.01953125,.125,.25,.42578125,-.078125,-.46875,-.93359375,-1.86328125,0,-.00390625,-.0078125,-.01953125
0,-.00390625,-.0078125,-.01953125,-.00390625,-.0234375,-.04296875,-.0703125,-.0859375,-.50390625,-1.01171875,-2.0234375,0,-.00390625,-.0078125,-.015625
0,-.00390625,-.0078125,-.01953125,-.02734375,-.16796875,-.33203125,-.56640625,-.0859375,-.515625,-1.0234375,-2.0546875,0,0,-.00390625,-.0078125
0,-.00390625,-.0078125,-.015625,-.05078125,-.3046875,-.61328125,-1.03125,-.08203125,-.4921875,-.98046875,-1.95703125,0,0,0,0
0,-.00390625,-.00390625,-.015625,-.07421875,-.4296875,-.859375,-1.44921875,-.07421875,-.4375,-.8671875,-1.73828125,0,0,.00390625,.0078125
0,-.00390625,-.00390625,-.0078125,-.08984375,-.53515625,-1.06640625,-1.796875,-.05859375,-.3515625,-.703125,-1.41015625,0,.00390625,.0078125,.015625
0,0,-.00390625,-.00390625,-.1015625,-.61328125,-1.21875,-2.0546875,-.04296875,-.25,-.49609375,-.9921875,0,.00390625,.0078125,.01953125
0,0,0,-.00390625,-.109375,-.66015625,-1.31640625,-2.21875,-.0234375,-.12890625,-.25390625,-.51171875,0,.00390625,.01171875,.0234375
0,0,0,0,-.11328125,-.671875,-1.3515625,-2.2734375,0,0,0,0,0,.00390625,.01171875,.0234375
0,0,0,.00390625,-.109375,-.66015625,-1.31640625,-2.21875,.0234375,.12890625,.25390625,.51171875,0,.00390625,.01171875,.0234375
0,0,.00390625,.00390625,-.1015625,-.61328125,-1.21875,-2.0546875,.04296875,.25,.49609375,.9921875,0,.00390625,.0078125,.01953125
0,.00390625,.00390625,.0078125,-.08984375,-.53515625,-1.06640625,-1.796875,.05859375,.3515625,.70703125,1.41015625,0,.00390625,.0078125,.015625
0,.00390625,.00390625,.015625,-.07421875,-.4296875,-.859375,-1.44921875,.07421875,.4375,.8671875,1.73828125,0,0,.00390625,.0078125
0,.00390625,.0078125,.015625,-.05078125,-.3046875,-.61328125,-1.03125,.08203125,.4921875,.98046875,1.95703125,0,0,0,0
0,.00390625,.0078125,.01953125,-.02734375,-.16796875,-.33203125,-.56640625,.0859375,.515625,1.0234375,2.0546875,0,0,-.00390625,-.0078125
0,.00390625,.0078125,.01953125,-.00390625,-.0234375,-.04296875,-.0703125,.0859375,.50390625,1.01171875,2.0234375,0,-.00390625,-.0078125,-.015625
0,.00390625,.0078125,.0234375,.01953125,.125,.25,.42578125,.078125,.46875,.93359375,1.86328125,0,-.00390625,-.0078125,-.01953125
0,.00390625,.01171875,.0234375,.046875,.26953125,.53515625,.90234375,.06640625,.3984375,.79296875,1.5859375,0,-.00390625,-.0078125,-.0234375
0,.00390625,.01171875,.0234375,.06640625,.39453125,.79296875,1.3359375,.05078125,.30078125,.6015625,1.2109375,0,-.00390625,-.01171875,-.0234375
0,.00390625,.01171875,.02734375,.0859375,.50390625,1.01171875,1.703125,.03125,.19140625,.37890625,.76171875,0,-.00390625,-.0078125,-.0234375
0,.00390625,.01171875,.02734375,.09765625,.58984375,1.18359375,1.9921875,.01171875,.06640625,.12890625,.26171875,0,-.00390625,-.0078125,-.01953125
0,.00390625,.01171875,.02734375,.109375,.6484375,1.29296875,2.18359375,-.01171875,-.06640625,-.12890625,-.2578125,0,-.00390625,-.0078125,-.015625
0,.00390625,.01171875,.02734375,.11328125,.671875,1.34375,2.265625,-.03125,-.19140625,-.37890625,-.76171875,0,0,-.00390625,-.0078125
0,.00390625,.01171875,.0234375,.11328125,.66796875,1.33203125,2.2421875,-.05078125,-.30078125,-.6015625,-1.2109375,0,0,0,0
0,.00390625,.01171875,.0234375,.10546875,.625,1.25390625,2.11328125,-.06640625,-.3984375,-.79296875,-1.5859375,0,0,.00390625,.0078125
0,.00390625,.0078125,.0234375,.09375,.55859375,1.11328125,1.87890625,-.078125,-.46875,-.93359375,-1.86328125,0,.00390625,.0078125,.015625
0,.00390625,.0078125,.01953125,.078125,.46484375,.921875,1.5546875,-.0859375,-.50390625,-1.01171875,-2.0234375,0,.00390625,.0078125,.01953125
0,.00390625,.0078125,.01953125,.05859375,.36328125,.72265625,1.0859375,-.0859375,-.54296875,-1.078125,-1.9453125,0,.00390625,.015625,.0234375
0,.00390625,.0078125,.015625,.03515625,.21875,.44140625,.66015625,-.08203125,-.515625,-1.03125,-1.85546875,0,.00390625,.015625,.0234375
0,.00390625,.00390625,.015625,.01171875,.0703125,.1328125,.203125,-.07421875,-.45703125,-.9140625,-1.6484375,0,.00390625,.015625,.0234375
0,.00390625,.00390625,.01171875,-.015625,-.0859375,-.17578125,-.265625,-.05859375,-.37109375,-.7421875,-1.3359375,0,.00390625,.0078125,.01953125
0,0,.00390625,.00390625,-.0390625,-.23828125,-.4765625,-.72265625,-.04296875,-.26171875,-.5234375,-.94140625,0,.00390625,.0078125,.015625
0,0,0,.00390625,-.0625,-.37890625,-.76171875,-1.140625,-.0234375,-.13671875,-.26953125,-.484375,0,0,.00390625,.01171875
0,0,0,0,-.08203125,-.50390625,-1.00390625,-1.50390625,0,0,0,0,0,0,0,0
0,0,0,-.00390625,-.09765625,-.6015625,-1.1953125,-1.796875,.0234375,.13671875,.26953125,.484375,0,0,-.00390625,-.0078125
0,0,-.00390625,-.00390625,-.10546875,-.66796875,-1.3359375,-2.00390625,.04296875,.265625,.5234375,.94140625,0,-.00390625,-.0078125,-.015625
0,-.00390625,-.00390625,-.0078125,-.11328125,-.703125,-1.40625,-2.11328125,.05859375,.37109375,.7421875,1.3359375,0,-.00390625,-.0078125,-.01953125
0,-.00390625,-.00390625,-.015625,-.11328125,-.70703125,-1.41015625,-2.12109375,.07421875,.4609375,.9140625,1.6484375,0,-.00390625,-.0078125,-.0234375
0,-.00390625,-.0078125,-.015625,-.109375,-.671875,-1.34765625,-2.0234375,.08203125,.51953125,1.03125,1.85546875,0,-.00390625,-.015625,-.0234375
0,-.00390625,-.0078125,-.01953125,-.09765625,-.609375,-1.21875,-1.8359375,.0859375,.54296875,1.078125,1.9453125,0,-.00390625,-.0078125,-.0234375
0,-.00390625,-.0078125,-.01953125,-.08203125,-.515625,-1.03515625,-1.55078125,.0859375,.53125,1.06640625,1.91796875,0,-.00390625,-.0078125,-.01953125
0,-.00390625,-.0078125,-.0234375,-.0625,-.3984375,-.796875,-1.19921875,.078125,.4921875,.98046875,1.765625,0,-.00390625,-.0078125,-.015625
0,-.00390625,-.01171875,-.0234375,-.04296875,-.26171875,-.5234375,-.78515625,.06640625,.421875,.8359375,1.50390625,0,0,-.00390625,-.0078125
0,-.00390625,-.01171875,-.0234375,-.01953125,-.11328125,-.21875,-.33203125,.05078125,.31640625,.63671875,1.1484375,0,0,0,0
0,-.00390625,-.01171875,-.02734375,.0078125,.04296875,.08984375,.13671875,.03125,.19921875,.40234375,.72265625,0,0,.00390625,.01171875
0,-.00390625,-.01171875,-.02734375,.03125,.19921875,.39453125,.59375,.01171875,.0703125,.13671875,.24609375,0,.00390625,.0078125,.015625
0,-.00390625,-.01171875,-.02734375,.0546875,.34375,.68359375,1.02734375,-.01171875,-.06640625,-.13671875,-.24609375,0,.00390625,.0078125,.01953125
0,-.00390625,-.01171875,-.02734375,.07421875,.46875,.9375,1.41015625,-.03125,-.19921875,-.3984375,-.71875,0,.00390625,.015625,.0234375
0,-.00390625,-.01171875,-.0234375,.09375,.578125,1.1484375,1.7265625,-.05078125,-.31640625,-.6328125,-1.1484375,0,.00390625,.015625,.0234375
0,-.00390625,-.01171875,-.0234375,.10546875,.6484375,1.3046875,1.95703125,-.06640625,-.41796875,-.8359375,-1.50390625,0,.00390625,.015625,.0234375
0,-.00390625,-.0078125,-.0234375,.11328125,.69921875,1.3984375,2.08984375,-.078125,-.4921875,-.98046875,-1.765625,0,.00390625,.0078125,.01953125
0,-.00390625,-.0078125,-.01953125,.11328125,.70703125,1.421875,2.12890625,-.0859375,-.53125,-1.0625,-1.9140625,0,.00390625,.0078125,.015625
0,-.00390625,-.0078125,-.01953125,.109375,.6875,1.37890625,2.0625,-.0859375,-.54296875,-1.078125,-1.9453125,0,0,.00390625,.01171875
0,-.00390625,-.0078125,-.015625,.1015625,.63671875,1.265625,1.8984375,-.08203125,-.515625,-1.03125,-1.85546875,0,0,0,0
0,-.00390625,-.00390625,-.015625,.0859375,.546875,1.09375,1.640625,-.07421875,-.45703125,-.9140625,-1.6484375,0,0,-.00390625,-.0078125
0,-.00390625,-.00390625,-.0078125,.0703125,.43359375,.87109375,1.3046875,-.05859375,-.37109375,-.7421875,-1.3359375,0,-.00390625,-.0078125,-.015625
0,0,-.00390625,-.00390625,.046875,.3046875,.60546875,.91015625,-.04296875,-.26171875,-.5234375,-.94140625,0,-.00390625,-.0078125,-.01953125
0,0,0,-.00390625,.0234375,.15625,.30859375,.46484375,-.0234375,-.13671875,-.26953125,-.484375,0,-.00390625,-.0078125,-.0234375
0,0,0,0,0,0,0,0,0,0,0,0,0,-.00390625,-.015625,-.0234375
0,0,0,.00390625,-.0234375,-.15625,-.30859375,-.46484375,.0234375,.13671875,.26953125,.484375,0,-.00390625,-.0078125,-.0234375
0,0,.00390625,.00390625,-.046875,-.31640625,-.57421875,-.84765625,.04296875,.27734375,.546875,.88671875,0,-.00390625,-.0078125,-.01953125
0,.00390625,.00390625,.01171875,-.0703125,-.45703125,-.82421875,-1.21484375,.05859375,.390625,.78125,1.26171875,0,-.00390625,-.0078125,-.015625
0,.00390625,.00390625,.015625,-.0859375,-.57421875,-1.0390625,-1.53125,.07421875,.48046875,.95703125,1.5546875,0,0,-.00390625,-.01171875
0,.00390625,.0078125,.015625,-.1015625,-.66796875,-1.203125,-1.76953125,.08203125,.54296875,1.08203125,1.75,0,0,0,0
0,.00390625,.0078125,.01953125,-.109375,-.72265625,-1.30859375,-1.92578125,.0859375,.5703125,1.1328125,1.83984375,0,0,.00390625,.01171875
0,.00390625,.0078125,.01953125,-.11328125,-.7421875,-1.3515625,-1.984375,.0859375,.55859375,1.1171875,1.80859375,0,.00390625,.0078125,.015625
0,.00390625,.0078125,.02734375,-.11328125,-.734375,-1.328125,-1.953125,.078125,.51953125,1.03125,1.66796875,0,.00390625,.0078125,.01953125
0,.00390625,.01171875,.02734375,-.10546875,-.68359375,-1.23828125,-1.82421875,.06640625,.44140625,.875,1.41796875,0,.00390625,.015625,.02734375
0,.00390625,.01171875,.02734375,-.09375,-.60546875,-1.08984375,-1.609375,.05078125,.33203125,.66796875,1.08203125,0,.00390625,.015625,.02734375
0,.00390625,.01171875,.03125,-.07421875,-.4921875,-.890625,-1.31640625,.03125,.2109375,.421875,.6796875,0,.00390625,.015625,.02734375
0,.00390625,.01171875,.03125,-.0546875,-.359375,-.6484375,-.95703125,.01171875,.0703125,.14453125,.234375,0,.00390625,.0078125,.01953125
0,.00390625,.01171875,.03125,-.03125,-.2109375,-.375,-.5546875,-.01171875,-.0703125,-.14453125,-.23046875,0,.00390625,.0078125,.015625
0,.00390625,.01171875,.03125,-.0078125,-.046875,-.08203125,-.125,-.03125,-.2109375,-.421875,-.6796875,0,0,.00390625,.01171875
0,.00390625,.01171875,.02734375,.01953125,.1171875,.20703125,.3125,-.05078125,-.33203125,-.66796875,-1.08203125,0,0,0,0
0,.00390625,.01171875,.02734375,.04296875,.27734375,.49609375,.73046875,-.06640625,-.44140625,-.875,-1.41796875,0,0,-.00390625,-.01171875
0,.00390625,.0078125,.02734375,.0625,.421875,.7578125,1.1171875,-.078125,-.51953125,-1.03125,-1.66796875,0,-.00390625,-.0078125,-.015625
0,.00390625,.0078125,.01953125,.08203125,.54296875,.984375,1.44921875,-.0859375,-.55859375,-1.1171875,-1.80859375,0,-.00390625,-.0078125,-.01953125
0,.00390625,.0078125,.01953125,.09765625,.640625,1.16015625,1.7109375,-.0859375,-.5703125,-1.1328125,-1.83984375,0,-.00390625,-.0078125,-.02734375
0,.00390625,.0078125,.015625,.109375,.70703125,1.28125,1.890625,-.08203125,-.54296875,-1.08203125,-1.75,0,-.00390625,-.015625,-.02734375
0,.00390625,.00390625,.015625,.11328125,.7421875,1.33984375,1.98046875,-.07421875,-.48046875,-.95703125,-1.5546875,0,-.00390625,-.0078125,-.02734375
0,.00390625,.00390625,.01171875,.11328125,.73828125,1.3359375,1.97265625,-.05859375,-.390625,-.77734375,-1.26171875,0,-.00390625,-.0078125,-.01953125
0,0,.00390625,.00390625,.10546875,.703125,1.26953125,1.87109375,-.04296875,-.27734375,-.546875,-.88671875,0,-.00390625,-.0078125,-.015625
0,0,0,.00390625,.09765625,.62890625,1.13671875,1.6796875,-.0234375,-.14453125,-.28125,-.45703125,0,0,-.00390625,-.01171875
0,0,0,0,.08203125,.52734375,.95703125,1.40625,0,0,0,0,0,0,0,0
0,0,0,-.00390625,.0625,.3984375,.72265625,1.06640625,.0234375,.14453125,.28125,.45703125,0,0,.00390625,.01171875
0,0,-.00390625,-.00390625,.0390625,.25,.453125,.671875,.04296875,.27734375,.546875,.88671875,0,.00390625,.0078125,.015625
0,-.00390625,-.00390625,-.01171875,.015625,.09375,.16796875,.25,.05859375,.390625,.78125,1.26171875,0,.00390625,.0078125,.01953125
0,-.00390625,-.00390625,-.015625,-.01171875,-.0703125,-.125,-.1875,.07421875,.48046875,.95703125,1.5546875,0,.00390625,.015625,.02734375
0,-.00390625,-.0078125,-.015625,-.03515625,-.23046875,-.41796875,-.61328125,.08203125,.54296875,1.08203125,1.75,0,.00390625,.015625,.02734375
0,-.00390625,-.0078125,-.01953125,-.05859375,-.37890625,-.6875,-1.01171875,.0859375,.5703125,1.1328125,1.83984375,0,.00390625,.015625,.02734375
0,-.00390625,-.0078125,-.01953125,-.078125,-.51171875,-.921875,-1.359375,.0859375,.55859375,1.1171875,1.80859375,0,.00390625,.0078125,.01953125
0,-.00390625,-.0078125,-.02734375,-.09375,-.61328125,-1.11328125,-1.64453125,.078125,.51953125,1.03125,1.66796875,0,.00390625,.0078125,.015625
0,-.00390625,-.01171875,-.02734375,-.10546875,-.69140625,-1.25390625,-1.84765625,.06640625,.44140625,.875,1.41796875,0,0,.00390625,.01171875
0,-.00390625,-.01171875,-.02734375,-.11328125,-.7734375,-1.26171875,-1.8203125,.05078125,.34765625,.63671875,1.01953125,0,0,0,0
0,-.00390625,-.01171875,-.03125,-.11328125,-.77734375,-1.2734375,-1.83984375,.03125,.21875,.40234375,.640625,0,0,-.00390625,-.01171875
0,-.00390625,-.01171875,-.03125,-.109375,-.75,-1.2265625,-1.7734375,.01171875,.07421875,.13671875,.21875,0,-.00390625,-.0078125,-.015625
0,-.00390625,-.01171875,-.03125,-.09765625,-.68359375,-1.12109375,-1.6171875,-.01171875,-.07421875,-.13671875,-.21875,0,-.00390625,-.0078125,-.01953125
0,-.00390625,-.01171875,-.03125,-.0859375,-.5859375,-.95703125,-1.3828125,-.03125,-.21875,-.3984375,-.640625,0,-.00390625,-.0078125,-.02734375
0,-.00390625,-.01171875,-.02734375,-.06640625,-.45703125,-.75,-1.0859375,-.05078125,-.34765625,-.6328125,-1.01953125,0,-.00390625,-.015625,-.02734375
0,-.00390625,-.01171875,-.02734375,-.046875,-.3125,-.50390625,-.734375,-.06640625,-.4609375,-.8359375,-1.3359375,0,-.00390625,-.0078125,-.02734375
0,-.00390625,-.0078125,-.02734375,-.01953125,-.14453125,-.23828125,-.34765625,-.078125,-.54296875,-.98046875,-1.5703125,0,-.00390625,-.0078125,-.01953125
0,-.00390625,-.0078125,-.01953125,.00390625,.02734375,.0390625,.05859375,-.0859375,-.5859375,-1.0625,-1.703125,0,-.00390625,-.0078125,-.015625
0,-.00390625,-.0078125,-.01953125,.02734375,.1953125,.31640625,.4609375,-.0859375,-.59765625,-1.078125,-1.73046875,0,0,-.00390625,-.01171875
0,-.00390625,-.0078125,-.015625,.05078125,.35546875,.58203125,.83984375,-.08203125,-.5703125,-1.03125,-1.6484375,0,0,0,0
0,-.00390625,-.00390625,-.015625,.07421875,.5,.8125,1.17578125,-.07421875,-.50390625,-.9140625,-1.46484375,0,0,.00390625,.01171875
0,-.00390625,-.00390625,-.01171875,.08984375,.6171875,1.01171875,1.4609375,-.05859375,-.40625,-.7421875,-1.1875,0,.00390625,.0078125,.015625
0,0,-.00390625,-.00390625,.1015625,.7109375,1.15625,1.66796875,-.04296875,-.2890625,-.5234375,-.8359375,0,.00390625,.0078125,.01953125
0,0,0,-.00390625,.109375,.76171875,1.25,1.8046875,-.0234375,-.1484375,-.26953125,-.4296875,0,.00390625,.015625,.02734375
0,0,0,0,.11328125,.77734375,1.27734375,1.84765625,0,0,0,0,0,.00390625,.015625,.02734375
0,0,0,.00390625,.109375,.76171875,1.25,1.8046875,.0234375,.15234375,.26953125,.4296875,0,.00390625,.015625,.02734375
0,0,.00390625,.00390625,.1015625,.7109375,1.15625,1.66796875,.04296875,.2890625,.5234375,.8359375,0,.00390625,.0078125,.01953125
0,.00390625,.00390625,.01171875,.08984375,.6171875,1.01171875,1.4609375,.05859375,.41015625,.7421875,1.1875,0,.00390625,.0078125,.015625
0,.00390625,.00390625,.015625,.07421875,.5,.8125,1.17578125,.07421875,.50390625,.9140625,1.46484375,0,0,.00390625,.01171875
0,.00390625,.0078125,.015625,.05078125,.35546875,.58203125,.83984375,.08203125,.5703125,1.03125,1.6484375,0,0,0,0
0,.00390625,.0078125,.01953125,.02734375,.1953125,.31640625,.4609375,.0859375,.59765625,1.078125,1.73046875,0,0,-.00390625,-.01171875
0,.00390625,.0078125,.01953125,.00390625,.02734375,.0390625,.05859375,.0859375,.5859375,1.06640625,1.703125,0,-.00390625,-.0078125,-.015625
0,.00390625,.0078125,.02734375,-.01953125,-.14453125,-.23828125,-.34765625,.078125,.54296875,.98046875,1.5703125,0,-.00390625,-.0078125,-.01953125
0,.00390625,.01171875,.02734375,-.046875,-.3125,-.50390625,-.734375,.06640625,.4609375,.8359375,1.3359375,0,-.00390625,-.0078125,-.02734375
0,.00390625,.01171875,.02734375,-.06640625,-.45703125,-.75,-1.0859375,.05078125,.34765625,.63671875,1.01953125,0,-.00390625,-.015625,-.02734375
0,.00390625,.01171875,.03125,-.0859375,-.5859375,-.95703125,-1.3828125,.03125,.21875,.40234375,.640625,0,-.00390625,-.0078125,-.02734375
0,.00390625,.01171875,.03125,-.09765625,-.68359375,-1.12109375,-1.6171875,.01171875,.07421875,.13671875,.21875,0,-.00390625,-.0078125,-.01953125
0,.00390625,.01171875,.03125,-.109375,-.75,-1.2265625,-1.7734375,-.01171875,-.07421875,-.13671875,-.21875,0,-.00390625,-.0078125,-.015625
0,.00390625,.01171875,.03125,-.11328125,-.77734375,-1.2734375,-1.83984375,-.03125,-.21875,-.3984375,-.640625,0,0,-.00390625,-.01171875
0,.00390625,.01171875,.02734375,-.11328125,-.7734375,-1.26171875,-1.8203125,-.05078125,-.34765625,-.6328125,-1.01953125,0,0,0,0
0,.00390625,.01171875,.02734375,-.10546875,-.7265625,-1.1875,-1.71875,-.06640625,-.4609375,-.8359375,-1.3359375,0,0,.00390625,.01171875
0,.00390625,.0078125,.02734375,-.09375,-.64453125,-1.0546875,-1.52734375,-.078125,-.54296875,-.98046875,-1.5703125,0,.00390625,.0078125,.015625
0,.00390625,.0078125,.01953125,-.078125,-.5625,-.82421875,-1.1640625,-.0859375,-.61328125,-1.01171875,-1.59765625,0,.00390625,.0078125,.01953125
0,.00390625,.0078125,.01953125,-.05859375,-.4140625,-.61328125,-.8671875,-.0859375,-.625,-1.0234375,-1.62109375,0,.00390625,.015625,.02734375
0,.00390625,.0078125,.015625,-.03515625,-.25390625,-.375,-.52734375,-.08203125,-.59375,-.98046875,-1.546875,0,.00390625,.015625,.02734375
0,.00390625,.00390625,.015625,-.01171875,-.078125,-.11328125,-.16015625,-.07421875,-.52734375,-.8671875,-1.375,0,.00390625,.015625,.02734375
0,.00390625,.00390625,.01171875,.015625,.1015625,.1484375,.21484375,-.05859375,-.42578125,-.703125,-1.11328125,0,.00390625,.0078125,.01953125
0,0,.00390625,.00390625,.0390625,.2734375,.40625,.578125,-.04296875,-.3046875,-.49609375,-.78515625,0,.00390625,.0078125,.015625
0,0,0,.00390625,.0625,.4375,.6484375,.9140625,-.0234375,-.15625,-.25390625,-.40234375,0,0,.00390625,.01171875
0,0,0,0,.08203125,.578125,.85546875,1.203125,0,0,0,0,0,0,0,0
0,0,0,-.00390625,.09765625,.69140625,1.015625,1.4375,.0234375,.15625,.25390625,.40234375,0,0,-.00390625,-.01171875
0,0,-.00390625,-.00390625,.10546875,.76953125,1.13671875,1.6015625,.04296875,.3046875,.49609375,.78515625,0,-.00390625,-.0078125,-.015625
0,-.00390625,-.00390625,-.01171875,.11328125,.80859375,1.1953125,1.69140625,.05859375,.42578125,.70703125,1.11328125,0,-.00390625,-.0078125,-.01953125
0,-.00390625,-.00390625,-.015625,.11328125,.8125,1.19921875,1.6953125,.07421875,.52734375,.8671875,1.375,0,-.00390625,-.0078125,-.02734375
0,-.00390625,-.0078125,-.015625,.109375,.7734375,1.14453125,1.62109375,.08203125,.59375,.98046875,1.546875,0,-.00390625,-.015625,-.02734375
0,-.00390625,-.0078125,-.01953125,.09765625,.703125,1.0390625,1.46875,.0859375,.625,1.0234375,1.62109375,0,-.00390625,-.0078125,-.02734375
0,-.00390625,-.0078125,-.01953125,.08203125,.59375,.87890625,1.2421875,.0859375,.61328125,1.01171875,1.59765625,0,-.00390625,-.0078125,-.01953125
0,-.00390625,-.0078125,-.02734375,.0625,.4609375,.67578125,.95703125,.078125,.56640625,.93359375,1.47265625,0,-.00390625,-.0078125,-.015625
0,-.00390625,-.01171875,-.02734375,.04296875,.3046875,.4453125,.62890625,.06640625,.484375,.79296875,1.25390625,0,0,-.00390625,-.01171875
0,-.00390625,-.01171875,-.02734375,.01953125,.12890625,.1875,.265625,.05078125,.36328125,.6015625,.95703125,0,0,0,0
0,-.00390625,-.01171875,-.03125,-.0078125,-.05078125,-.07421875,-.109375,.03125,.23046875,.37890625,.6015625,0,0,.00390625,.01171875
0,-.00390625,-.01171875,-.03125,-.03125,-.23046875,-.3359375,-.47265625,.01171875,.078125,.12890625,.20703125,0,.00390625,.0078125,.015625
0,-.00390625,-.01171875,-.03125,-.0546875,-.39453125,-.58203125,-.8203125,-.01171875,-.078125,-.12890625,-.203125,0,.00390625,.0078125,.01953125
0,-.00390625,-.01171875,-.03125,-.07421875,-.5390625,-.796875,-1.12890625,-.03125,-.23046875,-.37890625,-.6015625,0,.00390625,.015625,.02734375
0,-.00390625,-.01171875,-.02734375,-.09375,-.6640625,-.9765625,-1.37890625,-.05078125,-.36328125,-.6015625,-.95703125,0,.00390625,.015625,.02734375
0,-.00390625,-.01171875,-.02734375,-.10546875,-.74609375,-1.109375,-1.5625,-.06640625,-.484375,-.79296875,-1.25390625,0,.00390625,.015625,.02734375
0,-.00390625,-.0078125,-.02734375,-.11328125,-.8046875,-1.1875,-1.671875,-.078125,-.56640625,-.93359375,-1.47265625,0,.00390625,.0078125,.01953125
0,-.00390625,-.0078125,-.01953125,-.11328125,-.8125,-1.20703125,-1.703125,-.0859375,-.61328125,-1.01171875,-1.59765625,0,.00390625,.0078125,.015625
0,-.00390625,-.0078125,-.01953125,-.109375,-.79296875,-1.171875,-1.6484375,-.0859375,-.625,-1.0234375,-1.62109375,0,0,.00390625,.01171875
0,-.00390625,-.0078125,-.015625,-.1015625,-.73046875,-1.07421875,-1.515625,-.08203125,-.59375,-.98046875,-1.546875,0,0,0,0
0,-.00390625,-.00390625,-.015625,-.0859375,-.62890625,-.9296875,-1.3125,-.07421875,-.52734375,-.8671875,-1.375,0,0,-.00390625,-.01171875
0,-.00390625,-.00390625,-.01171875,-.0703125,-.5,-.73828125,-1.04296875,-.05859375,-.42578125,-.703125,-1.11328125,0,-.00390625,-.0078125,-.015625
0,0,-.00390625,-.00390625,-.046875,-.34765625,-.515625,-.7265625,-.04296875,-.3046875,-.49609375,-.78515625,0,-.00390625,-.0078125,-.01953125
0,0,0,-.00390625,-.0234375,-.1796875,-.26171875,-.37109375,-.0234375,-.15625,-.25390625,-.40234375,0,-.00390625,-.0078125,-.02734375
0,0,0,0,0,0,0,0,0,0,0,0,0,-.00390625,-.015625,-.02734375
0,0,0,.00390625,.0234375,.1875,.24609375,.33984375,.0234375,.1640625,.2421875,.375,0,-.00390625,-.0078125,-.02734375
0,0,.00390625,.00390625,.046875,.36328125,.484375,.66796875,.04296875,.31640625,.46875,.73046875,0,-.00390625,-.0078125,-.01953125
0,.00390625,.00390625,.01171875,.0703125,.5234375,.6953125,.95703125,.05859375,.4453125,.66796875,1.0390625,0,-.00390625,-.0078125,-.015625
0,.00390625,.00390625,.015625,.0859375,.65625,.875,1.203125,.07421875,.55078125,.8203125,1.28125,0,0,-.00390625,-.01171875
0,.00390625,.0078125,.015625,.1015625,.76171875,1.01171875,1.390625,.08203125,.62109375,.92578125,1.44140625,0,0,0,0
0,.00390625,.0078125,.01953125,.109375,.828125,1.1015625,1.51171875,.0859375,.65234375,.97265625,1.515625,0,0,.00390625,.01171875
0,.00390625,.0078125,.01953125,.11328125,.8515625,1.13671875,1.55859375,.0859375,.640625,.95703125,1.4921875,0,.00390625,.0078125,.015625
0,.00390625,.0078125,.02734375,.11328125,.83984375,1.1171875,1.53515625,.078125,.59375,.8828125,1.375,0,.00390625,.0078125,.01953125
0,.00390625,.01171875,.02734375,.10546875,.78125,1.04296875,1.43359375,.06640625,.50390625,.75,1.16796875,0,.00390625,.015625,.02734375
0,.00390625,.01171875,.02734375,.09375,.69140625,.91796875,1.265625,.05078125,.3828125,.5703125,.890625,0,.00390625,.015625,.02734375
0,.00390625,.01171875,.03125,.07421875,.5625,.75,1.03515625,.03125,.2421875,.359375,.5625,0,.00390625,.015625,.02734375
0,.00390625,.01171875,.03125,.0546875,.41015625,.546875,.75390625,.01171875,.08203125,.125,.19140625,0,.00390625,.0078125,.01953125
0,.00390625,.01171875,.03125,.03125,.2421875,.31640625,.43359375,-.01171875,-.08203125,-.12109375,-.19140625,0,.00390625,.0078125,.015625
0,.00390625,.01171875,.03125,.0078125,.0546875,.0703125,.09765625,-.03125,-.23828125,-.359375,-.55859375,0,0,.00390625,.01171875
0,.00390625,.01171875,.02734375,-.01953125,-.1328125,-.17578125,-.24609375,-.05078125,-.37890625,-.5703125,-.890625,0,0,0,0
0,.00390625,.01171875,.02734375,-.04296875,-.31640625,-.41796875,-.57421875,-.06640625,-.50390625,-.75,-1.16796875,0,0,-.00390625,-.01171875
0,.00390625,.0078125,.02734375,-.0625,-.48046875,-.63671875,-.87890625,-.078125,-.58984375,-.8828125,-1.375,0,-.00390625,-.0078125,-.015625
0,.00390625,.0078125,.01953125,-.08203125,-.62109375,-.828125,-1.13671875,-.0859375,-.63671875,-.95703125,-1.48828125,0,-.00390625,-.0078125,-.01953125
0,.00390625,.0078125,.01953125,-.09765625,-.73046875,-.9765625,-1.34375,-.0859375,-.6484375,-.97265625,-1.515625,0,-.00390625,-.0078125,-.02734375
0,.00390625,.0078125,.015625,-.109375,-.80859375,-1.078125,-1.484375,-.08203125,-.62109375,-.92578125,-1.44140625,0,-.00390625,-.015625,-.02734375
0,.00390625,.00390625,.015625,-.11328125,-.84765625,-1.12890625,-1.5546875,-.07421875,-.55078125,-.8203125,-1.28125,0,-.00390625,-.0078125,-.02734375
0,.00390625,.00390625,.01171875,-.11328125,-.84375,-1.125,-1.55078125,-.05859375,-.4453125,-.66796875,-1.0390625,0,-.00390625,-.0078125,-.01953125
0,0,.00390625,.00390625,-.10546875,-.80078125,-1.0703125,-1.46875,-.04296875,-.31640625,-.46875,-.73046875,0,-.00390625,-.0078125,-.015625
0,0,0,.00390625,-.09765625,-.71875,-.95703125,-1.3203125,-.0234375,-.1640625,-.2421875,-.375,0,0,-.00390625,-.01171875
0,0,0,0,-.08203125,-.6015625,-.8046875,-1.10546875,0,0,0,0,0,0,0,0
0,0,0,-.00390625,-.0625,-.45703125,-.609375,-.8359375,.0234375,.1640625,.2421875,.375,0,0,.00390625,.01171875
0,0,-.00390625,-.00390625,-.0390625,-.28515625,-.3828125,-.52734375,.04296875,.31640625,.46875,.73046875,0,.00390625,.0078125,.015625
0,-.00390625,-.00390625,-.01171875,-.015625,-.10546875,-.140625,-.1953125,.05859375,.4453125,.66796875,1.0390625,0,.00390625,.0078125,.01953125
0,-.00390625,-.00390625,-.015625,.01171875,.08203125,.10546875,.1484375,.07421875,.55078125,.8203125,1.28125,0,.00390625,.015625,.02734375
0,-.00390625,-.0078125,-.015625,.03515625,.265625,.3515625,.484375,.08203125,.62109375,.92578125,1.44140625,0,.00390625,.015625,.02734375
0,-.00390625,-.0078125,-.01953125,.05859375,.43359375,.578125,.796875,.0859375,.65234375,.97265625,1.515625,0,.00390625,.015625,.02734375
0,-.00390625,-.0078125,-.01953125,.078125,.5859375,.77734375,1.0703125,.0859375,.640625,.95703125,1.4921875,0,.00390625,.0078125,.01953125
0,-.00390625,-.0078125,-.02734375,.09375,.703125,.9375,1.29296875,.078125,.59375,.8828125,1.375,0,.00390625,.0078125,.015625
0,-.00390625,-.01171875,-.02734375,.10546875,.82421875,.98828125,1.3203125,.06640625,.5234375,.7109375,1.0859375,0,0,.00390625,.01171875
0,-.00390625,-.01171875,-.02734375,.11328125,.87890625,1.05078125,1.40234375,.05078125,.3984375,.5390625,.828125,0,0,0,0
0,-.00390625,-.01171875,-.03125,.11328125,.88671875,1.0625,1.41796875,.03125,.25,.33984375,.51953125,0,0,-.00390625,-.01171875
0,-.00390625,-.01171875,-.03125,.109375,.85546875,1.0234375,1.36328125,.01171875,.0859375,.1171875,.1796875,0,-.00390625,-.0078125,-.015625
0,-.00390625,-.01171875,-.03125,.09765625,.7734375,.93359375,1.24609375,-.01171875,-.0859375,-.1171875,-.17578125,0,-.00390625,-.0078125,-.01953125
0,-.00390625,-.01171875,-.03125,.0859375,.6640625,.796875,1.06640625,-.03125,-.25,-.33984375,-.51953125,0,-.00390625,-.0078125,-.02734375
0,-.00390625,-.01171875,-.02734375,.06640625,.51953125,.625,.8359375,-.05078125,-.3984375,-.5390625,-.828125,0,-.00390625,-.015625,-.02734375
0,-.00390625,-.01171875,-.02734375,.046875,.35546875,.421875,.5625,-.06640625,-.5234375,-.7109375,-1.0859375,0,-.00390625,-.0078125,-.02734375
0,-.00390625,-.0078125,-.02734375,.01953125,.1640625,.19921875,.265625,-.078125,-.6171875,-.8359375,-1.27734375,0,-.00390625,-.0078125,-.01953125
0,-.00390625,-.0078125,-.01953125,-.00390625,-.03125,-.03125,-.04296875,-.0859375,-.6640625,-.90625,-1.3828125,0,-.00390625,-.0078125,-.015625
0,-.00390625,-.0078125,-.01953125,-.02734375,-.21875,-.26171875,-.35546875,-.0859375,-.67578125,-.91796875,-1.40625,0,0,-.00390625,-.01171875
0,-.00390625,-.0078125,-.015625,-.05078125,-.40234375,-.484375,-.64453125,-.08203125,-.6484375,-.875,-1.33984375,0,0,0,0
0,-.00390625,-.00390625,-.015625,-.07421875,-.56640625,-.67578125,-.90625,-.07421875,-.57421875,-.77734375,-1.19140625,0,0,.00390625,.01171875
0,-.00390625,-.00390625,-.01171875,-.08984375,-.703125,-.84375,-1.12109375,-.05859375,-.46484375,-.62890625,-.96484375,0,.00390625,.0078125,.015625
0,0,-.00390625,-.00390625,-.1015625,-.8046875,-.96484375,-1.28515625,-.04296875,-.328125,-.4453125,-.6796875,0,.00390625,.0078125,.01953125
0,0,0,-.00390625,-.109375,-.8671875,-1.0390625,-1.38671875,-.0234375,-.171875,-.2265625,-.34765625,0,.00390625,.015625,.02734375
0,0,0,0,-.11328125,-.88671875,-1.06640625,-1.421875,0,0,0,0,0,.00390625,.015625,.02734375
0,0,0,.00390625,-.109375,-.8671875,-1.0390625,-1.38671875,.0234375,.171875,.2265625,.34765625,0,.00390625,.015625,.02734375
0,0,.00390625,.00390625,-.1015625,-.8046875,-.96484375,-1.28515625,.04296875,.328125,.4453125,.6796875,0,.00390625,.0078125,.01953125
0,.00390625,.00390625,.01171875,-.08984375,-.703125,-.84375,-1.12109375,.05859375,.46484375,.6328125,.96484375,0,.00390625,.0078125,.015625
0,.00390625,.00390625,.015625,-.07421875,-.56640625,-.67578125,-.90625,.07421875,.57421875,.77734375,1.19140625,0,0,.00390625,.01171875
0,.00390625,.0078125,.015625,-.05078125,-.40234375,-.484375,-.64453125,.08203125,.6484375,.875,1.33984375,0,0,0,0
0,.00390625,.0078125,.01953125,-.02734375,-.21875,-.26171875,-.35546875,.0859375,.67578125,.91796875,1.40625,0,0,-.00390625,-.01171875
0,.00390625,.0078125,.01953125,-.00390625,-.03125,-.03125,-.04296875,.0859375,.6640625,.90625,1.3828125,0,-.00390625,-.0078125,-.015625
0,.00390625,.0078125,.02734375,.01953125,.1640625,.19921875,.265625,.078125,.6171875,.8359375,1.27734375,0,-.00390625,-.0078125,-.01953125
0,.00390625,.01171875,.02734375,.046875,.35546875,.421875,.5625,.06640625,.5234375,.7109375,1.0859375,0,-.00390625,-.0078125,-.02734375
0,.00390625,.01171875,.02734375,.06640625,.51953125,.625,.8359375,.05078125,.3984375,.5390625,.828125,0,-.00390625,-.015625,-.02734375
0,.00390625,.01171875,.03125,.0859375,.6640625,.796875,1.06640625,.03125,.25,.33984375,.51953125,0,-.00390625,-.0078125,-.02734375
0,.00390625,.01171875,.03125,.09765625,.7734375,.93359375,1.24609375,.01171875,.0859375,.1171875,.1796875,0,-.00390625,-.0078125,-.01953125
0,.00390625,.01171875,.03125,.109375,.85546875,1.0234375,1.36328125,-.01171875,-.0859375,-.1171875,-.17578125,0,-.00390625,-.0078125,-.015625
0,.00390625,.01171875,.03125,.11328125,.88671875,1.0625,1.41796875,-.03125,-.25,-.33984375,-.51953125,0,0,-.00390625,-.01171875
0,.00390625,.01171875,.02734375,.11328125,.87890625,1.05078125,1.40234375,-.05078125,-.3984375,-.5390625,-.828125,0,0,0,0
0,.00390625,.01171875,.02734375,.10546875,.82421875,.98828125,1.3203125,-.06640625,-.5234375,-.7109375,-1.0859375,0,0,.00390625,.01171875
0,.00390625,.0078125,.02734375,.09375,.76171875,.8203125,1.05859375,-.078125,-.640625,-.78515625,-1.17578125,0,.00390625,.0078125,.015625
0,.00390625,.0078125,.01953125,.078125,.63671875,.6796875,.875,-.0859375,-.69140625,-.8515625,-1.27734375,0,.00390625,.0078125,.01953125
0,.00390625,.0078125,.01953125,.05859375,.46875,.5078125,.65234375,-.0859375,-.703125,-.86328125,-1.296875,0,.00390625,.015625,.02734375
0,.00390625,.0078125,.015625,.03515625,.28515625,.30859375,.39453125,-.08203125,-.671875,-.82421875,-1.234375,0,.00390625,.015625,.02734375
0,.00390625,.00390625,.015625,.01171875,.08984375,.09375,.12109375,-.07421875,-.59765625,-.73046875,-1.09765625,0,.00390625,.015625,.02734375
0,.00390625,.00390625,.01171875,-.015625,-.11328125,-.12109375,-.16015625,-.05859375,-.48046875,-.59375,-.890625,0,.00390625,.0078125,.01953125
0,0,.00390625,.00390625,-.0390625,-.3125,-.3359375,-.43359375,-.04296875,-.34375,-.41796875,-.625,0,.00390625,.0078125,.015625
0,0,0,.00390625,-.0625,-.49609375,-.53125,-.68359375,-.0234375,-.17578125,-.21484375,-.3203125,0,0,.00390625,.01171875
0,0,0,0,-.08203125,-.65234375,-.703125,-.90234375,0,0,0,0,0,0,0,0
0,0,0,-.00390625,-.09765625,-.78125,-.8359375,-1.078125,.0234375,.1796875,.21484375,.32421875,0,0,-.00390625,-.01171875
0,0,-.00390625,-.00390625,-.10546875,-.87109375,-.9375,-1.203125,.04296875,.34375,.41796875,.62890625,0,-.00390625,-.0078125,-.015625
0,-.00390625,-.00390625,-.01171875,-.11328125,-.9140625,-.984375,-1.26953125,.05859375,.484375,.59375,.890625,0,-.00390625,-.0078125,-.01953125
0,-.00390625,-.00390625,-.015625,-.11328125,-.921875,-.98828125,-1.2734375,.07421875,.59765625,.73046875,1.09765625,0,-.00390625,-.0078125,-.02734375
0,-.00390625,-.0078125,-.015625,-.109375,-.875,-.94140625,-1.21484375,.08203125,.671875,.82421875,1.23828125,0,-.00390625,-.015625,-.02734375
0,-.00390625,-.0078125,-.01953125,-.09765625,-.79296875,-.85546875,-1.1015625,.0859375,.703125,.86328125,1.296875,0,-.00390625,-.0078125,-.02734375
0,-.00390625,-.0078125,-.01953125,-.08203125,-.671875,-.72265625,-.9296875,.0859375,.69140625,.8515625,1.27734375,0,-.00390625,-.0078125,-.01953125
0,-.00390625,-.0078125,-.02734375,-.0625,-.51953125,-.55859375,-.71875,.078125,.640625,.78515625,1.1796875,0,-.00390625,-.0078125,-.015625
0,-.00390625,-.01171875,-.02734375,-.04296875,-.34375,-.3671875,-.46875,.06640625,.546875,.66796875,1.00390625,0,0,-.00390625,-.01171875
0,-.00390625,-.01171875,-.02734375,-.01953125,-.14453125,-.15234375,-.19921875,.05078125,.4140625,.5078125,.765625,0,0,0,0
0,-.00390625,-.01171875,-.03125,.0078125,.05859375,.0625,.08203125,.03125,.26171875,.3203125,.48046875,0,0,.00390625,.01171875
0,-.00390625,-.01171875,-.03125,.03125,.26171875,.27734375,.35546875,.01171875,.08984375,.109375,.1640625,0,.00390625,.0078125,.015625
0,-.00390625,-.01171875,-.03125,.0546875,.4453125,.48046875,.6171875,-.01171875,-.08984375,-.109375,-.1640625,0,.00390625,.0078125,.01953125
0,-.00390625,-.01171875,-.03125,.07421875,.609375,.65625,.84765625,-.03125,-.26171875,-.3203125,-.48046875,0,.00390625,.015625,.02734375
0,-.00390625,-.01171875,-.02734375,.09375,.75,.8046875,1.03515625,-.05078125,-.4140625,-.5078125,-.765625,0,.00390625,.015625,.02734375
0,-.00390625,-.01171875,-.02734375,.10546875,.84375,.9140625,1.171875,-.06640625,-.546875,-.66796875,-1,0,.00390625,.015625,.02734375
0,-.00390625,-.0078125,-.02734375,.11328125,.90625,.9765625,1.25390625,-.078125,-.640625,-.78515625,-1.17578125,0,.00390625,.0078125,.01953125
0,-.00390625,-.0078125,-.01953125,.11328125,.921875,.99609375,1.27734375,-.0859375,-.69140625,-.8515625,-1.27734375,0,.00390625,.0078125,.015625
0,-.00390625,-.0078125,-.01953125,.109375,.89453125,.96484375,1.23828125,-.0859375,-.703125,-.86328125,-1.296875,0,0,.00390625,.01171875
0,-.00390625,-.0078125,-.015625,.1015625,.82421875,.88671875,1.13671875,-.08203125,-.671875,-.82421875,-1.234375,0,0,0,0
0,-.00390625,-.00390625,-.015625,.0859375,.7109375,.765625,.984375,-.07421875,-.59765625,-.73046875,-1.09765625,0,0,-.00390625,-.01171875
0,-.00390625,-.00390625,-.01171875,.0703125,.56640625,.609375,.78125,-.05859375,-.48046875,-.59375,-.890625,0,-.00390625,-.0078125,-.015625
0,0,-.00390625,-.00390625,.046875,.39453125,.42578125,.546875,-.04296875,-.34375,-.41796875,-.625,0,-.00390625,-.0078125,-.01953125
0,0,0,-.00390625,.0234375,.203125,.21484375,.27734375,-.0234375,-.17578125,-.21484375,-.3203125,0,-.00390625,-.0078125,-.02734375
0,0,0,0,0,0,0,0,0,0,0,0,0,-.00390625,-.015625,-.02734375
0,0,0,.00390625,-.0234375,-.2109375,-.19921875,-.24609375,.0234375,.18359375,.2265625,.296875,0,-.00390625,-.0078125,-.02734375
0,0,.00390625,.00390625,-.046875,-.41015625,-.39453125,-.484375,.04296875,.35546875,.4453125,.57421875,0,-.00390625,-.0078125,-.01953125
0,.00390625,.00390625,.01171875,-.0703125,-.5859375,-.56640625,-.6953125,.05859375,.5,.6328125,.81640625,0,-.00390625,-.0078125,-.015625
0,.00390625,.00390625,.015625,-.0859375,-.73828125,-.7109375,-.875,.07421875,.62109375,.77734375,1.0078125,0,0,-.00390625,-.01171875
0,.00390625,.0078125,.015625,-.1015625,-.85546875,-.8203125,-1.01171875,.08203125,.69921875,.875,1.1328125,0,0,0,0
0,.00390625,.0078125,.01953125,-.109375,-.9296875,-.89453125,-1.09765625,.0859375,.73046875,.91796875,1.19140625,0,0,.00390625,.01171875
0,.00390625,.0078125,.01953125,-.11328125,-.95703125,-.921875,-1.1328125,.0859375,.71875,.90625,1.171875,0,.00390625,.0078125,.015625
0,.00390625,.0078125,.02734375,-.11328125,-.94140625,-.90625,-1.11328125,.078125,.6640625,.8359375,1.078125,0,.00390625,.0078125,.01953125
0,.00390625,.01171875,.02734375,-.10546875,-.875,-.84765625,-1.04296875,.06640625,.56640625,.7109375,.91796875,0,.00390625,.015625,.02734375
0,.00390625,.01171875,.02734375,-.09375,-.77734375,-.74609375,-.91796875,.05078125,.4296875,.5390625,.69921875,0,.00390625,.015625,.02734375
0,.00390625,.01171875,.03125,-.07421875,-.6328125,-.609375,-.75,.03125,.26953125,.33984375,.44140625,0,.00390625,.015625,.02734375
0,.00390625,.01171875,.03125,-.0546875,-.4609375,-.4453125,-.546875,.01171875,.09375,.1171875,.15234375,0,.00390625,.0078125,.01953125
0,.00390625,.01171875,.03125,-.03125,-.26953125,-.2578125,-.31640625,-.01171875,-.09375,-.1171875,-.1484375,0,.00390625,.0078125,.015625
0,.00390625,.01171875,.03125,-.0078125,-.05859375,-.05859375,-.0703125,-.03125,-.26953125,-.33984375,-.44140625,0,0,.00390625,.01171875
0,.00390625,.01171875,.02734375,.01953125,.15234375,.14453125,.1796875,-.05078125,-.4296875,-.5390625,-.69921875,0,0,0,0
0,.00390625,.01171875,.02734375,.04296875,.35546875,.33984375,.41796875,-.06640625,-.56640625,-.7109375,-.91796875,0,0,-.00390625,-.01171875
0,.00390625,.0078125,.02734375,.0625,.5390625,.515625,.640625,-.078125,-.6640625,-.8359375,-1.078125,0,-.00390625,-.0078125,-.015625
0,.00390625,.0078125,.01953125,.08203125,.69921875,.671875,.828125,-.0859375,-.71875,-.90625,-1.171875,0,-.00390625,-.0078125,-.01953125
0,.00390625,.0078125,.01953125,.09765625,.82421875,.79296875,.98046875,-.0859375,-.73046875,-.91796875,-1.19140625,0,-.00390625,-.0078125,-.02734375
0,.00390625,.0078125,.015625,.109375,.91015625,.875,1.08203125,-.08203125,-.69921875,-.875,-1.1328125,0,-.00390625,-.015625,-.02734375
0,.00390625,.00390625,.015625,.11328125,.95703125,.91796875,1.1328125,-.07421875,-.62109375,-.77734375,-1.0078125,0,-.00390625,-.0078125,-.02734375
0,.00390625,.00390625,.01171875,.11328125,.94921875,.9140625,1.12890625,-.05859375,-.5,-.62890625,-.81640625,0,-.00390625,-.0078125,-.01953125
0,0,.00390625,.00390625,.10546875,.90234375,.87109375,1.0703125,-.04296875,-.35546875,-.4453125,-.57421875,0,-.00390625,-.0078125,-.015625
0,0,0,.00390625,.09765625,.8125,.77734375,.9609375,-.0234375,-.18359375,-.2265625,-.296875,0,0,-.00390625,-.01171875
0,0,0,0,.08203125,.6796875,.65234375,.8046875,0,0,0,0,0,0,0,0
0,0,0,-.00390625,.0625,.515625,.49609375,.609375,.0234375,.18359375,.2265625,.296875,0,0,.00390625,.01171875
0,0,-.00390625,-.00390625,.0390625,.32421875,.3125,.38671875,.04296875,.35546875,.4453125,.57421875,0,.00390625,.0078125,.015625
0,-.00390625,-.00390625,-.01171875,.015625,.1171875,.11328125,.14453125,.05859375,.5,.6328125,.81640625,0,.00390625,.0078125,.01953125
0,-.00390625,-.00390625,-.015625,-.01171875,-.09375,-.0859375,-.10546875,.07421875,.62109375,.77734375,1.0078125,0,.00390625,.015625,.02734375
0,-.00390625,-.0078125,-.015625,-.03515625,-.296875,-.28515625,-.3515625,.08203125,.69921875,.875,1.1328125,0,.00390625,.015625,.02734375
0,-.00390625,-.0078125,-.01953125,-.05859375,-.48828125,-.46875,-.578125,.0859375,.73046875,.91796875,1.19140625,0,.00390625,.015625,.02734375
0,-.00390625,-.0078125,-.01953125,-.078125,-.66015625,-.6328125,-.77734375,.0859375,.71875,.90625,1.171875,0,.00390625,.0078125,.01953125
0,-.00390625,-.0078125,-.02734375,-.09375,-.8203125,-.703125,-.8203125,.078125,.69140625,.8828125,.98046875,0,.00390625,.0078125,.015625
0,-.00390625,-.01171875,-.02734375,-.10546875,-.921875,-.7890625,-.92578125,.06640625,.58984375,.75,.8359375,0,0,.00390625,.01171875
0,-.00390625,-.01171875,-.02734375,-.11328125,-.984375,-.83984375,-.98046875,.05078125,.4453125,.5703125,.63671875,0,0,0,0
0,-.00390625,-.01171875,-.03125,-.11328125,-.9921875,-.84765625,-.9921875,.03125,.28125,.359375,.40234375,0,0,-.00390625,-.01171875
0,-.00390625,-.01171875,-.03125,-.109375,-.95703125,-.81640625,-.95703125,.01171875,.09765625,.125,.13671875,0,-.00390625,-.0078125,-.015625
0,-.00390625,-.01171875,-.03125,-.09765625,-.8671875,-.74609375,-.87109375,-.01171875,-.09375,-.12109375,-.13671875,0,-.00390625,-.0078125,-.01953125
0,-.00390625,-.01171875,-.03125,-.0859375,-.74609375,-.63671875,-.74609375,-.03125,-.28125,-.359375,-.3984375,0,-.00390625,-.0078125,-.02734375
0,-.00390625,-.01171875,-.02734375,-.06640625,-.58203125,-.5,-.5859375,-.05078125,-.4453125,-.5703125,-.63671875,0,-.00390625,-.015625,-.02734375
0,-.00390625,-.01171875,-.02734375,-.046875,-.39453125,-.3359375,-.39453125,-.06640625,-.5859375,-.75,-.8359375,0,-.00390625,-.0078125,-.02734375
0,-.00390625,-.0078125,-.02734375,-.01953125,-.18359375,-.15625,-.1875,-.078125,-.69140625,-.8828125,-.98046875,0,-.00390625,-.0078125,-.01953125
0,-.00390625,-.0078125,-.01953125,.00390625,.03515625,.02734375,.03125,-.0859375,-.74609375,-.95703125,-1.0625,0,-.00390625,-.0078125,-.015625
0,-.00390625,-.0078125,-.01953125,.02734375,.24609375,.2109375,.24609375,-.0859375,-.7578125,-.97265625,-1.08203125,0,0,-.00390625,-.01171875
0,-.00390625,-.0078125,-.015625,.05078125,.453125,.38671875,.453125,-.08203125,-.72265625,-.92578125,-1.03125,0,0,0,0
0,-.00390625,-.00390625,-.015625,.07421875,.63671875,.54296875,.6328125,-.07421875,-.640625,-.8203125,-.9140625,0,0,.00390625,.01171875
0,-.00390625,-.00390625,-.01171875,.08984375,.78515625,.67578125,.78515625,-.05859375,-.51953125,-.66796875,-.7421875,0,.00390625,.0078125,.015625
0,0,-.00390625,-.00390625,.1015625,.90234375,.76953125,.8984375,-.04296875,-.3671875,-.46875,-.5234375,0,.00390625,.0078125,.01953125
0,0,0,-.00390625,.109375,.97265625,.83203125,.97265625,-.0234375,-.19140625,-.2421875,-.26953125,0,.00390625,.015625,.02734375
0,0,0,0,.11328125,.9921875,.8515625,.99609375,0,0,0,0,0,.00390625,.015625,.02734375
0,0,0,.00390625,.109375,.97265625,.83203125,.97265625,.0234375,.19140625,.2421875,.26953125,0,.00390625,.015625,.02734375
0,0,.00390625,.00390625,.1015625,.90234375,.76953125,.8984375,.04296875,.37109375,.46875,.5234375,0,.00390625,.0078125,.01953125
0,.00390625,.00390625,.01171875,.08984375,.78515625,.67578125,.78515625,.05859375,.51953125,.66796875,.7421875,0,.00390625,.0078125,.015625
0,.00390625,.00390625,.015625,.07421875,.63671875,.54296875,.6328125,.07421875,.64453125,.8203125,.9140625,0,0,.00390625,.01171875
0,.00390625,.0078125,.015625,.05078125,.453125,.38671875,.453125,.08203125,.7265625,.92578125,1.03125,0,0,0,0
0,.00390625,.0078125,.01953125,.02734375,.24609375,.2109375,.24609375,.0859375,.7578125,.97265625,1.08203125,0,0,-.00390625,-.01171875
0,.00390625,.0078125,.01953125,.00390625,.03515625,.02734375,.03125,.0859375,.74609375,.95703125,1.06640625,0,-.00390625,-.0078125,-.015625
0,.00390625,.0078125,.02734375,-.01953125,-.18359375,-.15625,-.1875,.078125,.69140625,.8828125,.98046875,0,-.00390625,-.0078125,-.01953125
0,.00390625,.01171875,.02734375,-.046875,-.39453125,-.3359375,-.39453125,.06640625,.58984375,.75,.8359375,0,-.00390625,-.0078125,-.02734375
0,.00390625,.01171875,.02734375,-.06640625,-.58203125,-.5,-.5859375,.05078125,.4453125,.5703125,.63671875,0,-.00390625,-.015625,-.02734375
0,.00390625,.01171875,.03125,-.0859375,-.74609375,-.63671875,-.74609375,.03125,.28125,.359375,.40234375,0,-.00390625,-.0078125,-.02734375
0,.00390625,.01171875,.03125,-.09765625,-.8671875,-.74609375,-.87109375,.01171875,.09765625,.125,.13671875,0,-.00390625,-.0078125,-.01953125
0,.00390625,.01171875,.03125,-.109375,-.95703125,-.81640625,-.95703125,-.01171875,-.09375,-.12109375,-.13671875,0,-.00390625,-.0078125,-.015625
0,.00390625,.01171875,.03125,-.11328125,-.9921875,-.84765625,-.9921875,-.03125,-.28125,-.359375,-.3984375,0,0,-.00390625,-.01171875
0,.00390625,.01171875,.02734375,-.11328125,-.984375,-.83984375,-.98046875,-.05078125,-.4453125,-.5703125,-.63671875,0,0,0,0
0,.00390625,.01171875,.02734375,-.10546875,-.95703125,-.7265625,-.79296875,-.06640625,-.609375,-.79296875,-.75,0,0,.00390625,.01171875
0,.00390625,.0078125,.02734375,-.09375,-.84765625,-.64453125,-.703125,-.078125,-.71484375,-.93359375,-.8828125,0,.00390625,.0078125,.015625
0,.00390625,.0078125,.01953125,-.078125,-.70703125,-.53515625,-.58203125,-.0859375,-.7734375,-1.01171875,-.95703125,0,.00390625,.0078125,.01953125
0,.00390625,.0078125,.01953125,-.05859375,-.5234375,-.3984375,-.43359375,-.0859375,-.78515625,-1.0234375,-.97265625,0,.00390625,.015625,.02734375
0,.00390625,.0078125,.015625,-.03515625,-.3203125,-.2421875,-.26171875,-.08203125,-.75,-.98046875,-.92578125,0,.00390625,.015625,.02734375
0,.00390625,.00390625,.015625,-.01171875,-.09765625,-.07421875,-.08203125,-.07421875,-.6640625,-.8671875,-.82421875,0,.00390625,.015625,.02734375
0,.00390625,.00390625,.01171875,.015625,.12890625,.09765625,.10546875,-.05859375,-.5390625,-.703125,-.66796875,0,.00390625,.0078125,.01953125
0,0,.00390625,.00390625,.0390625,.34765625,.26171875,.2890625,-.04296875,-.3828125,-.49609375,-.46875,0,.00390625,.0078125,.015625
0,0,0,.00390625,.0625,.55078125,.41796875,.45703125,-.0234375,-.19921875,-.25390625,-.2421875,0,0,.00390625,.01171875
0,0,0,0,.08203125,.73046875,.5546875,.6015625,0,0,0,0,0,0,0,0
0,0,0,-.00390625,.09765625,.87109375,.65625,.71875,.0234375,.19921875,.25390625,.2421875,0,0,-.00390625,-.01171875
0,0,-.00390625,-.00390625,.10546875,.96875,.734375,.80078125,.04296875,.3828125,.49609375,.46875,0,-.00390625,-.0078125,-.015625
0,-.00390625,-.00390625,-.01171875,.11328125,1.01953125,.7734375,.84375,.05859375,.5390625,.70703125,.66796875,0,-.00390625,-.0078125,-.01953125
0,-.00390625,-.00390625,-.015625,.11328125,1.02734375,.77734375,.84765625,.07421875,.6640625,.8671875,.82421875,0,-.00390625,-.0078125,-.02734375
0,-.00390625,-.0078125,-.015625,.109375,.9765625,.7421875,.80859375,.08203125,.75,.98046875,.92578125,0,-.00390625,-.015625,-.02734375
0,-.00390625,-.0078125,-.01953125,.09765625,.88671875,.671875,.734375,.0859375,.78515625,1.0234375,.97265625,0,-.00390625,-.0078125,-.02734375
